Gradient,Gio mean,G,a,vmg,mvg,RSS
4.219476905591766,0.0639277949393675,0.54,0.0,4.324539815332276e-07,0.0727228934786514,184.67718598385548
4.443618063356848,0.0932457109913438,0.54,0.05,4.482152918021206e-07,0.07332132541398305,263.813445354397
4.626585572560368,0.0787189871933038,0.54,0.1,7.236557595290521e-07,0.07245608962244597,210.50099998706938
4.706606164108566,0.0792039929316836,0.54,0.15,5.050423553119457e-07,0.0736976633939384,209.788351607835
4.400999702793745,0.0928305477679572,0.54,0.2,8.703156427074404e-07,0.07282356821154592,231.02264510531194
4.253257947968164,0.085465252385375,0.54,0.25,6.226402173395533e-07,0.07227279246036666,229.21170028211182
5.009361577660653,0.1052937659094545,0.54,0.3,5.202528226252344e-07,0.07467925738381855,268.1849725477881
4.501854894704156,0.1028579973464512,0.54,0.35,2.9909728288821496e-07,0.0727031470195062,223.08449434624873
4.538275119993848,0.1026473277599254,0.54,0.4,4.823383796370982e-07,0.07304166850084007,240.9193138367153
4.419906577421044,0.0922660384841078,0.54,0.45,4.746112994359945e-07,0.07363148662812112,212.70873305199552
4.761825143004991,0.1311133571581689,0.54,0.5,4.3743352834140643e-07,0.07407142092929687,280.10964632239086
4.922481751444875,0.0896327764589261,0.54,0.55,4.495147470298213e-07,0.07378299165679,215.3856928631808
4.729879346293207,0.0965345521659709,0.54,0.6,3.039178714156932e-06,0.07416658650553552,216.7553073768128
4.987185362597109,0.0779115326914122,0.54,0.65,5.159003912401984e-07,0.07274030569064134,214.0035708814402
4.842415164699409,0.0979155945731812,0.54,0.7,6.271162101281338e-07,0.07325575899311801,217.89885647519023
5.140502979196779,0.1019570956120994,0.54,0.75,1.444500992222711e-06,0.07421783790687571,229.22641176593797
4.931547114113377,0.1218071053704442,0.54,0.8,4.778676439876534e-07,0.07390118090340123,265.9299341322336
4.853518633004141,0.0788774311523759,0.54,0.85,8.764372265484479e-07,0.07380093027393632,223.44116114304128
4.667761955695736,0.1131191628757878,0.54,0.9,1.1516068273649795e-06,0.0740087904758285,251.40163669701369
4.894489128628358,0.0801535914454606,0.54,0.95,6.626580061713496e-07,0.07471633828840703,212.03167079868444
4.384724952004134,0.0865131211931371,0.545,0.0,5.362454254159961e-07,0.07284546296198811,210.86227068770694
4.311304768359424,0.0827968634429628,0.545,0.05,7.33565212832982e-07,0.07245707258138852,227.31887980107643
4.839182845296492,0.090514095707447,0.545,0.1,3.669963540960031e-07,0.07265378638162712,227.46108003032518
4.462943688361809,0.1020000918855229,0.545,0.15,6.208231502718499e-07,0.07284981719294444,217.7731433588558
4.2297547794540655,0.0998678786249804,0.545,0.2,1.154659248269971e-06,0.07168719701182583,201.34203997260497
4.254446887802666,0.0820658228410325,0.545,0.25,4.90130413922323e-07,0.0716548067668154,200.26415867629527
4.74404937951857,0.0893343650170475,0.545,0.3,4.069509211716578e-07,0.07262385071897003,218.50511826159783
4.727487567613834,0.1156864685685204,0.545,0.35,5.917207876934446e-07,0.07241911199406621,254.53167269652772
4.676976142506424,0.1531078637449215,0.545,0.4,5.827089080249612e-07,0.07235439798585151,275.6609975793839
4.7416638566851255,0.1211881149334832,0.545,0.45,4.6291740358740403e-07,0.07414340646254948,288.8855322076125
4.885376000373034,0.1476396690812744,0.545,0.5,5.675476960886291e-07,0.07393985999528827,288.22357682808234
5.060673847284832,0.1340643329921477,0.545,0.55,4.53092987047981e-07,0.07328811770508956,236.87339896468376
4.894829294429434,0.1392990941705766,0.545,0.6,5.300069776574525e-07,0.07273390118724125,267.4555432435544
5.032439407287513,0.0958322965184339,0.545,0.65,6.105661446149359e-07,0.07330828387005701,278.9335475430835
4.7394852416842985,0.1053487296794701,0.545,0.7,7.084674283076574e-07,0.0732994287297391,228.6068126904551
5.080043876520891,0.214673860601209,0.545,0.75,9.790166355364325e-07,0.07425053521947196,319.14141435504473
5.058088405534185,0.1062865719324285,0.545,0.8,5.20588285520389e-07,0.07330058307636111,232.11473803071107
5.012719631248504,0.1205459791715751,0.545,0.85,6.191789474491942e-07,0.07437413330907715,280.014388527661
4.598176435576576,0.112098684535534,0.545,0.9,8.47536183612571e-07,0.07374027596873776,223.26467136880814
4.991855632643824,0.150268347924547,0.545,0.95,5.887607004037299e-07,0.07353534222024036,241.5533153980594
4.376042919876612,0.1270083363428658,0.55,0.0,1.485751724145237e-06,0.07113840074645647,251.0989874695436
4.291856028647331,0.1394269258284923,0.55,0.05,1.6048768317046749e-06,0.07205105955897484,259.7403140947509
4.99359823855221,0.1348586149249956,0.55,0.1,2.420148522249726e-06,0.07209972156215577,269.8892963095599
4.713640413968824,0.1049852978479346,0.55,0.15,7.040047992247672e-07,0.07154033255826853,223.31782047226088
4.727646124945694,0.1578448623425334,0.55,0.2,1.2996419996303717e-06,0.07116716927953376,262.3102091637892
4.415458126300139,0.1418233774990859,0.55,0.25,6.86805592284194e-07,0.06992353461734473,229.91228181447013
4.791350765364083,0.1523450853778723,0.55,0.3,9.387225708917444e-07,0.07168366441163034,251.64552996525458
4.674381183569631,0.142600952720771,0.55,0.35,5.079811872867984e-07,0.07184701749329915,249.00766955727357
4.723684383805486,0.1614174537818661,0.55,0.4,5.815839041824228e-07,0.07195400196281683,288.1170710044763
4.701311608696473,0.1195129793124299,0.55,0.45,4.392481079763289e-07,0.07323166855398831,247.8351239495531
4.352143954859828,0.1467958350496592,0.55,0.5,3.2567700027581024e-07,0.07208950452850005,261.73765609829155
5.04486044159831,0.1298533806309347,0.55,0.55,3.952084715683423e-07,0.07339352656137657,293.8015200616773
4.870980210523881,0.1128209497887735,0.55,0.6,5.052444384066368e-07,0.07184765049090247,238.18018587167253
5.144866764941959,0.1202045846472304,0.55,0.65,6.076978075949485e-07,0.07297190733662998,286.38684485008554
4.954062701768927,0.137480638764576,0.55,0.7,6.392695954876342e-07,0.07288033857022115,271.0071000761327
5.210772527087012,0.1092306919799997,0.55,0.75,7.385593755131307e-07,0.07452303855213498,266.56378317175427
4.762894738770657,0.1209892938904757,0.55,0.8,7.431186554997724e-07,0.07271885053354714,231.3538263296639
4.594206787333923,0.0927961149415645,0.55,0.85,6.272895756953326e-07,0.0727375595837671,240.0973855858627
4.700102567743224,0.2626036121811573,0.55,0.9,1.010529149402742e-06,0.0714399312996003,318.09208558058555
5.109774024350777,0.1493816724260541,0.55,0.95,3.360912596692493e-07,0.0730725145333487,272.2475231093911
4.571660271516138,0.187429013512197,0.555,0.0,2.546913210698996e-06,0.0714518699731845,286.5836902605386
4.191824933508661,0.2466110029164599,0.555,0.05,1.337158339616229e-06,0.06873032114982448,334.80574207340135
4.832397549229223,0.1314643344097967,0.555,0.1,3.8181790969585493e-07,0.0719727615491751,263.32554528253775
4.702286319900199,0.1540356132854449,0.555,0.15,1.5091056989793338e-06,0.07113421228781346,264.56529213416627
4.404378408070688,0.2182724976275245,0.555,0.2,6.690523214719259e-07,0.06938271750355225,287.60844565552964
4.501888613229012,0.1768007234136302,0.555,0.25,4.871007667100412e-07,0.06946386423173737,263.1505522209862
4.494272214617583,0.2559310370537148,0.555,0.3,4.330964094823286e-07,0.06945689678899747,318.3405817477463
4.728800137322194,0.150956294908827,0.555,0.35,6.355796669015452e-07,0.07066515711384061,265.9821681119453
4.580728639221883,0.1831707584569648,0.555,0.4,2.309998034831839e-06,0.07022572821775748,260.98272434638903
4.53151001424112,0.1121391866127274,0.555,0.45,3.84954228297276e-07,0.07217427711259652,223.02539633392198
4.838231440842902,0.2262879876423159,0.555,0.5,2.923224517157312e-07,0.07075714847718313,292.61549031622616
4.836970514497463,0.158394797001207,0.555,0.55,1.3877155167409006e-06,0.07046648860181848,249.0108969027393
5.16204316382399,0.1716283422436174,0.555,0.6,2.890776652786855e-06,0.07055774463658927,262.1466486130431
5.050648179693249,0.2388012061827355,0.555,0.65,5.841757367307905e-07,0.06840823046786663,348.14207210198146
4.701091913423983,0.193150163076083,0.555,0.7,7.309795414954144e-07,0.06957557856916703,244.3197680425335
5.177964589001778,0.1558413733987981,0.555,0.75,4.358990095304243e-07,0.07213825471394252,330.26873170883016
5.203757162921434,0.1404176771987954,0.555,0.8,1.1638324999816303e-06,0.07178498138735832,248.93966887266407
4.5585067666441335,0.1957798787364174,0.555,0.85,6.646407760171286e-07,0.07136548171127856,264.427627663921
4.970310686418127,0.1966694504919095,0.555,0.9,2.2639982555858368e-06,0.07266968542733833,276.5076637672673
5.267267130805489,0.250454369738095,0.555,0.95,4.4703519007335886e-07,0.0701694080582059,324.8834809164528
4.350844661125877,0.1746046141366238,0.56,0.0,9.58618858426562e-07,0.064394456162527,250.47780634101795
4.538746208931331,0.2444285258349031,0.56,0.05,1.373028996975738e-06,0.06820609534949579,350.3897742504816
4.765127945653527,0.2005007227212979,0.56,0.1,1.5565582451790262e-06,0.0659070865590167,289.3417417487257
4.823606338608297,0.2027004770918139,0.56,0.15,2.826878274847013e-06,0.068945332904441,378.1868233844434
4.407894331391045,0.2825646094225005,0.56,0.2,8.969375392830276e-07,0.064341492649346,322.67682118206216
4.588920561206793,0.2489378549874163,0.56,0.25,1.010611383530852e-06,0.0682337581214523,321.8497020609561
4.543660504211956,0.2397298563934861,0.56,0.3,9.713413873590984e-07,0.06805973575686669,274.5523541602769
4.396772748329619,0.2088676837347531,0.56,0.35,4.341868807053265e-07,0.06494984175132656,265.62190569269603
4.306834137282558,0.2545271140890188,0.56,0.4,4.114272550603127e-07,0.06698044506033864,292.8955854646836
4.358654159846677,0.2158688174137681,0.56,0.45,3.138391404371444e-07,0.06600440917078156,277.45515127908465
4.1034446463323695,0.2602893489407461,0.56,0.5,7.647519585306893e-07,0.06622957509006279,265.1452077369975
4.668899048257803,0.2151737231741942,0.56,0.55,5.125096167629733e-07,0.06731517250879325,295.66014775975697
4.4225726842276,0.2480133304515568,0.56,0.6,1.317801669145493e-06,0.06797391159620429,299.34690750676464
4.952115963447825,0.2314360284794477,0.56,0.65,6.131285832707425e-07,0.06499516981226774,282.6589227415451
4.9775584438097775,0.2589348512255836,0.56,0.7,7.839445639588969e-07,0.0675735859030744,310.4341477772101
5.073761379499843,0.2014229580818212,0.56,0.75,8.332742286224528e-07,0.06663541295493955,312.19098460780606
4.905990762684847,0.2774623343810159,0.56,0.8,7.751351547361654e-07,0.06618689031580592,306.5543524165478
4.705074814329207,0.1989523580241257,0.56,0.85,5.578370951985242e-07,0.07054808689436103,279.10790169170434
4.57699646799597,0.2512658097265567,0.56,0.9,1.3888173561208278e-06,0.06667500828193298,283.97003247352643
4.508183656628451,0.2459378933502087,0.56,0.95,3.636310530554468e-07,0.06552214043264348,294.58515932076796
4.223832306662683,0.1096273360900232,0.565,0.0,5.899758594566196e-07,0.05889922651566968,197.21640002621507
4.1595529279869154,0.212612105958952,0.565,0.05,7.669171857698112e-07,0.060183118015167715,250.52922703016375
4.30871316996846,0.1755173998348021,0.565,0.1,6.800742282912589e-07,0.06154127216833736,255.69032113977119
4.328773496664098,0.2007194028864072,0.565,0.15,1.0905982166663952e-06,0.061097564303092725,232.43974266843543
4.564672894075638,0.2051572282434245,0.565,0.2,8.315384092629517e-07,0.06111579338226165,243.48815721230486
4.3774892713291225,0.1618668938757131,0.565,0.25,1.4648490359252124e-06,0.06243740113950969,237.63305466634273
4.34540083533596,0.2102955455863947,0.565,0.3,4.040761541474354e-07,0.06265194384162427,280.1570692981958
4.59340893791704,0.2137682055506955,0.565,0.35,7.542366173289573e-07,0.06277858064275438,253.44865519874216
4.262743605934212,0.1836882745618741,0.565,0.4,6.118132393893798e-07,0.06097492220427759,238.80104255417646
4.003756650546114,0.1418742082513847,0.565,0.45,3.972183400909087e-07,0.05962808583762313,212.47196098818299
4.217890716829093,0.201991078124818,0.565,0.5,2.490092934255452e-07,0.06222774121957803,233.0575718812401
4.410133270987489,0.1320270134288002,0.565,0.55,5.242786017396814e-07,0.060740133436054305,214.25881646658553
4.679344321387695,0.1973133859872798,0.565,0.6,8.771350404050122e-07,0.06371576141390833,269.2077298589723
4.699071281626855,0.1479426838037733,0.565,0.65,7.299917053317579e-07,0.06168729930840104,219.5807838875349
4.495121712739618,0.1823927220640223,0.565,0.7,1.3317716420677223e-06,0.06336091078060256,248.9557279377405
4.797339403393617,0.1639132826339996,0.565,0.75,4.806670461705867e-07,0.0619120140844894,237.03877459259715
4.495375844060025,0.1432654500861936,0.565,0.8,5.694624182537998e-07,0.061291254028871554,210.93910903001924
4.309983279041857,0.2120981417411511,0.565,0.85,5.092166414554202e-07,0.06457102351371544,245.7279630772075
4.150711449697006,0.2285886208539304,0.565,0.9,5.46561343661487e-07,0.06053064251026832,236.7809961970119
4.7688041108760295,0.2148289222467257,0.565,0.95,5.153707438744844e-07,0.06445282712861819,258.934333087041
4.220220594322949,0.2580633614680113,0.57,0.0,3.554229575717108e-07,0.05888328378696174,200.7366680350226
4.319246303700793,0.2336894134152901,0.57,0.05,4.061781971199497e-07,0.05670370052322395,196.3984958807552
4.759689839782347,0.2848618815910333,0.57,0.1,6.438245316189262e-07,0.06102459080761783,221.24250197357682
4.553652438418156,0.4594245330254393,0.57,0.15,8.002908342354894e-07,0.057964853414576224,231.606188742146
4.204521964160472,0.2129383772175084,0.57,0.2,4.2674602940861793e-07,0.05869244772909436,220.69390311007174
4.430090896799461,0.2903217314262191,0.57,0.25,5.512224970824013e-07,0.06242967935731237,247.28996595739062
4.396259441118869,0.3742913617797327,0.57,0.3,3.679599613891006e-07,0.059783602120463256,222.28356613204386
4.772230106413117,0.2476509740119132,0.57,0.35,4.946874240073159e-07,0.06243930944038943,226.7660458281236
4.108142915834062,0.1859876862453487,0.57,0.4,4.520186225248584e-07,0.05794665442592592,181.60667028097993
4.059969290105442,0.1931559290172235,0.57,0.45,4.787104780494203e-07,0.05797565003555971,191.949918550358
4.415362651234165,0.3174645978850029,0.57,0.5,6.353871199443173e-07,0.0596503732806731,212.1209416777575
4.6760705593011735,0.30144446457663,0.57,0.55,6.466235879053785e-07,0.060290206675598826,220.73640583267883
4.772336094702642,0.3326164083373849,0.57,0.6,7.180305488927039e-07,0.06425052968075522,263.4969624054299
4.49789658440765,0.2341717862768486,0.57,0.65,5.163838517759418e-07,0.060204084962896844,199.94774176076749
4.389778314538764,0.3617532056865697,0.57,0.7,6.368136384940298e-07,0.060307371748725636,238.8263289772498
4.754106496287459,0.4531829741890854,0.57,0.75,5.598444328318029e-07,0.06157441340152156,245.96729022840879
5.001702245951221,0.2568212766763835,0.57,0.8,4.526427123272489e-07,0.06249487868611404,242.0985165097327
4.402495555915453,0.1732124719147474,0.57,0.85,4.051538358531295e-07,0.06164033513382296,195.26079482656158
4.6324423109262,0.2706693151835828,0.57,0.9,4.334921237653955e-07,0.059648879405523436,193.53789588779927
4.4860748631456735,0.1781182971849766,0.57,0.95,5.580751068092424e-07,0.06073482914535397,177.83580638361724
4.552418126561704,0.5206460896610233,0.575,0.0,3.442958008280243e-07,0.061004549008771496,341.2222488621066
4.625161859889508,0.1825787098278463,0.575,0.05,6.529536632859953e-07,0.06989538627799156,253.52958329086368
4.501485048540775,0.4453594786165451,0.575,0.1,3.22119285867247e-07,0.06187581535664809,281.0325239515193
4.429088851990846,0.299276822308411,0.575,0.15,3.530753041067094e-07,0.0679362496988967,291.84231906311726
4.68035735653237,0.4412168528741065,0.575,0.2,3.587408329985887e-07,0.06540366054760743,328.9523910778732
4.719234940047424,0.2739046446871457,0.575,0.25,5.039985807048661e-07,0.06826776572110159,292.6924716960672
4.534346990294074,0.295432542927752,0.575,0.3,1.498185531004663e-06,0.06732650904995685,302.401344257893
4.838446504713444,0.367376626057023,0.575,0.35,6.835008340569966e-07,0.0635461854754155,339.5387912853554
4.809417439370127,0.5243266290081223,0.575,0.4,2.470262204134867e-07,0.06155929179527509,376.17457841719533
4.310726411822193,0.4917297189850508,0.575,0.45,4.3455998578600374e-07,0.06155512659370466,312.57037330820856
5.107256487358924,0.2269571635124812,0.575,0.5,2.8673969505183825e-07,0.07019283845733446,293.226881623343
4.462010927462323,0.2029322505580238,0.575,0.55,8.800963445481148e-07,0.06893217134357109,218.54645382629354
4.88085200819967,0.2227508394284153,0.575,0.6,4.620039718032471e-07,0.06910830868215258,254.13081612183737
5.123760862886512,0.3263620399720893,0.575,0.65,4.207726569591532e-07,0.06734011532040271,319.3492142346219
4.981516897265935,0.2632299119288273,0.575,0.7,6.703716728807263e-07,0.07151380570023615,273.7124065894168
4.97069556702881,0.298254547124151,0.575,0.75,4.552768801661409e-07,0.06934937214383928,344.0327852448173
5.375875170836244,0.3814803769309619,0.575,0.8,6.257929247363078e-07,0.0674323671642731,365.17398906172946
4.819375418277581,0.3919696526029383,0.575,0.85,4.641163382976642e-07,0.06603057129174562,335.1152567201058
4.63601622112292,0.5396188857748481,0.575,0.9,6.216008262907535e-07,0.06217128646090562,336.2553930307748
4.7945465358342645,0.4437222591372859,0.575,0.95,3.99150821327371e-07,0.0642801318933001,290.5530457541355
4.463974494340699,0.0868730793426012,0.58,0.0,4.946796436831837e-07,0.07309151330691831,193.64987560259834
4.845862065794211,0.1685818113610982,0.58,0.05,3.763899216576364e-07,0.07227489808557735,335.6710503447622
4.91262243512837,0.3720461143986246,0.58,0.1,3.073422619251365e-07,0.06749682314815322,390.8639358516921
4.570687006941611,0.1362837007922676,0.58,0.15,4.2830889277613037e-07,0.07323324569360687,258.7892872268986
4.629014383802645,0.4126345037827379,0.58,0.2,3.635970648291286e-07,0.0651524949854135,494.65861335556895
4.569266384632137,0.1467749300858998,0.58,0.25,7.115123720336706e-07,0.07328605713091507,314.10467421586026
5.023202190289954,0.1229766963857173,0.58,0.3,1.1416598888600597e-06,0.07410265048120715,246.1212329529586
4.767073839297207,0.1837815508668033,0.58,0.35,3.285475937878345e-07,0.07412520923373013,354.6882816220333
4.73287190997749,0.135080563940998,0.58,0.4,3.802023332892246e-07,0.07256674235786438,206.91231740828817
4.713155794584613,0.2319025225723061,0.58,0.45,3.559177241925136e-07,0.07212862380065611,324.77368024567056
4.954875328092048,0.1990374237104336,0.58,0.5,2.093612321018071e-07,0.07395484720884452,276.0162559011947
5.034042144193397,0.1637395293480148,0.58,0.55,1.9027505091949717e-06,0.07456424045279642,248.88776294303997
5.038574149154623,0.212234673795163,0.58,0.6,4.7350461816540316e-07,0.07238495758959872,366.6606414489919
5.13321110710561,0.1805438224468682,0.58,0.65,4.991697551864279e-07,0.07277222731023061,310.40390045586685
4.747801204638313,0.2610387652844913,0.58,0.7,5.19987094501052e-07,0.0712871188829125,489.30326008260755
5.291572817560345,0.1577408789387765,0.58,0.75,5.125631429683915e-07,0.07405246024298504,305.497124253865
4.887776044947939,0.1025735560563531,0.58,0.8,9.295649874324176e-07,0.0730842675464995,202.56284456647182
4.954061089369653,0.1432320051334058,0.58,0.85,5.454038226021382e-07,0.07391018209014198,239.13967270145358
4.806005905739817,0.3717242845171425,0.58,0.9,6.544534749889199e-07,0.06751366735085111,444.2116378574133
5.397838129827662,0.3766617627760437,0.58,0.95,6.591012710769175e-07,0.06888923647606288,385.54679998012335
4.522650059179537,0.1026524640819596,0.585,0.0,4.730476850509034e-07,0.07326339448870216,194.7108982002752
4.820870644878604,0.1583694317566378,0.585,0.05,2.605479512800419e-07,0.0734518645845475,324.1237279693247
4.509141399292876,0.1067005699035139,0.585,0.1,3.584241012954494e-07,0.07398713502815321,208.10285531915497
4.742739082722927,0.1231145431375022,0.585,0.15,4.455350033137491e-07,0.0734111342694382,219.1898268835019
4.751557854591303,0.1516939728417498,0.585,0.2,5.602352992104542e-07,0.07322741393662414,262.11953068827427
4.724100947512896,0.1137413223612423,0.585,0.25,8.066952652094986e-07,0.07287520022740686,202.6877387592127
4.904097276096837,0.156453112085421,0.585,0.3,5.345326584193416e-07,0.07570620112966978,363.23051366403644
4.833048507871433,0.1022106446721145,0.585,0.35,2.0388698243794503e-06,0.07400024115566603,199.6679631882535
4.672632856449413,0.1410992386732457,0.585,0.4,2.7276684214881644e-07,0.07288084767501102,217.66578710019547
4.510479599825374,0.1007026283825678,0.585,0.45,5.300734023148197e-07,0.0738615461819832,211.39106709938687
4.503391584244172,0.1289986787915011,0.585,0.5,2.6646113755993855e-07,0.0748738095446772,247.84552515574237
5.323379371634666,0.1553464860601028,0.585,0.55,5.41116986339086e-07,0.07761227295510705,299.52596313959236
4.849609401467874,0.1670711814630506,0.585,0.6,5.800828406009655e-07,0.07471710960918443,280.1967739433613
5.495177628021018,0.1292678644372132,0.585,0.65,5.214473983570988e-07,0.07674536486813544,278.0937429263787
4.822711938472644,0.1098853413887644,0.585,0.7,6.535171346638728e-07,0.07549879417309016,235.78927528276162
4.830796724346266,0.1456151270450538,0.585,0.75,4.342155304643319e-07,0.07703616183972595,305.03335542685807
4.692668020183928,0.1007921554841785,0.585,0.8,6.222419167553929e-07,0.07364503686126993,186.38652101878637
4.986412364412676,0.1635500254316678,0.585,0.85,4.221328772358271e-07,0.07508134025672498,269.85004908479607
4.957891699122256,0.178004136021488,0.585,0.9,5.980144206626801e-07,0.07621992959534313,356.7325923456441
5.230751754010538,0.2930264595516955,0.585,0.95,1.8590174266177077e-06,0.07766799183911322,482.5507677795622
4.640405018213008,0.0925739926030657,0.59,0.0,4.375846184706629e-07,0.07459909995382576,221.80807156889196
4.885969741851135,0.0975359785460808,0.59,0.05,2.458401099605361e-07,0.07308692708111927,209.11952923684922
4.913006049292523,0.1356604280258228,0.59,0.1,4.47246221636274e-07,0.07510732661815729,304.19972234287104
4.327262045953553,0.0707637960393013,0.59,0.15,4.088988792467759e-07,0.0733040255533731,184.7612991151977
5.105382347353443,0.3347878279284509,0.59,0.2,3.733441059631432e-07,0.06730147788195066,496.5991479677147
4.382829546594061,0.0840540140624022,0.59,0.25,7.302352611275755e-07,0.07429588025170591,193.36465708572612
4.6191995697511965,0.1010934215967002,0.59,0.3,5.482883196670889e-07,0.07524981944425653,215.98196466885074
4.9093633635177785,0.117663990923905,0.59,0.35,3.540238726996649e-07,0.07624942343209373,275.892048996343
4.6981518681176375,0.0825615371961177,0.59,0.4,3.288729860215208e-07,0.07409467986284721,196.96574476569157
4.574728453352139,0.1343939768460978,0.59,0.45,4.556285758428903e-07,0.07762411588226417,304.6403918638064
4.659836405045874,0.1232781477925683,0.59,0.5,3.2478134232161245e-07,0.07639531258117556,277.83817301018416
4.647312767239411,0.0912821478141696,0.59,0.55,5.164140550236152e-07,0.07486255285371166,222.86313375450337
4.325631939030781,0.1019702412891651,0.59,0.6,5.274020141971818e-07,0.07538794737809902,196.8008693048955
4.750066341177462,0.1100911922302587,0.59,0.65,6.485411108421954e-07,0.07552016020165606,263.70360004402517
4.673573981156252,0.0849912468291498,0.59,0.7,6.059495300214318e-07,0.07604614647024813,197.5027279986179
4.942044053495326,0.1038863189359524,0.59,0.75,6.133263077140624e-07,0.07624110691766087,202.85950804772892
4.814028606989004,0.0750951780355441,0.59,0.8,6.068679640989968e-07,0.07552104427497647,175.5661118303589
4.931948739959022,0.132888947673284,0.59,0.85,4.032222578749165e-07,0.07732331996431654,277.7854082418835
5.475950635178368,0.1393594640404951,0.59,0.9,5.956422437205016e-07,0.08078877361507397,349.86015525632587
5.086032098187385,0.2232449685719115,0.59,0.95,4.712807108868509e-07,0.0783276116743853,477.4433354589854
4.257271998823537,0.0770899887700555,0.595,0.0,4.1054997105528085e-07,0.07444291084119466,178.99517795818176
4.895005346515118,0.0876102298113717,0.595,0.05,4.390154898946134e-07,0.0765770845338819,253.115892600813
4.2471495006508055,0.0877863407156808,0.595,0.1,4.996165010271924e-07,0.07381416426358062,190.16534094278228
4.323193797217973,0.0775302259745121,0.595,0.15,4.014691128509378e-07,0.07430650330196763,187.45690437261504
4.375389814576531,0.0828415545515666,0.595,0.2,7.232193564340435e-07,0.07434463520317217,203.64415047430217
4.267226119551377,0.0756931320820097,0.595,0.25,7.041886850386721e-07,0.07482393049166439,196.90691214943018
4.153402276905289,0.080291348591396,0.595,0.3,5.240780317398287e-07,0.07518673449826059,185.1613516466234
4.781523809764965,0.1202513987825679,0.595,0.35,3.680046284270719e-07,0.0775906279497309,307.1708856544122
4.28629304494852,0.0868985998123863,0.595,0.4,3.15124881747469e-07,0.07487205796058859,181.05742509666948
4.352092628192632,0.1056811407344769,0.595,0.45,4.134974761847717e-07,0.07596287512706741,214.8282797015284
4.53205397890659,0.1047605648430857,0.595,0.5,3.2407789038047137e-07,0.07587644478228611,201.59433037952834
4.725827371423931,0.1054638983501207,0.595,0.55,4.949520866364212e-07,0.07622126868413419,219.18420877094476
4.744485405738558,0.0902563931088689,0.595,0.6,4.918492796620658e-07,0.0756338239473866,197.84812710138493
4.438381325119239,0.0715271201210179,0.595,0.65,6.618197435927482e-07,0.07599118701105224,187.38812809939625
4.356525986658287,0.0657003889496348,0.595,0.7,6.548854316412199e-07,0.07600823034860113,178.45070667925955
4.506343725390583,0.1094251701732231,0.595,0.75,5.026889632866142e-07,0.07721987828148019,244.80763115158425
4.424636249487354,0.0674758856800789,0.595,0.8,6.449484898558572e-07,0.07550207601152643,176.75377234367375
4.736993376530283,0.0888146398053122,0.595,0.85,4.946732327283692e-07,0.07623415833744736,215.51090019480185
4.850587193110051,0.0951433730236877,0.595,0.9,5.799964450445393e-07,0.0778414862115656,253.31911435851072
5.023296700411309,0.1420749548919742,0.595,0.95,3.890902621594524e-07,0.07531839622264624,232.83788665905394
4.431137202514567,0.0820979372213674,0.6,0.0,4.888458849509912e-07,0.07516542849987554,189.79205832433274
4.1095521274317806,0.0810199089519787,0.6,0.05,7.51870285860613e-07,0.07386451069728837,177.28963921941153
4.371573468585311,0.0762423851999068,0.6,0.1,5.974164891413428e-07,0.07568995503767059,193.93193216796146
4.199258121018936,0.0766863331204821,0.6,0.15,5.733489636629526e-07,0.07403230653217203,176.89671389158306
4.616320398565109,0.0900126530215022,0.6,0.2,3.9785419407374793e-07,0.07601064957152007,240.75288763592008
4.446703080113304,0.0809640862520616,0.6,0.25,5.206015589287891e-07,0.07558363946544273,183.88064311399535
4.038900641306556,0.0738987870584051,0.6,0.3,4.098435821968512e-07,0.07539719263895009,175.9222735061282
4.256539729098935,0.0822761974912263,0.6,0.35,1.500000986208128e-06,0.07540709348722262,181.80060502915813
4.364688139527454,0.0729621178574498,0.6,0.4,7.450260165823455e-07,0.07533831746601849,184.61816957421794
4.339263783015447,0.106482271020784,0.6,0.45,4.546282695723564e-07,0.07580624510245439,234.9399046248248
4.472905902234944,0.1080584562493406,0.6,0.5,2.934059361442177e-07,0.07564822206752805,225.45026157805358
4.719864413262555,0.0800679140039122,0.6,0.55,2.872838082670803e-07,0.07580534116793212,201.2474067428583
4.474106253029922,0.0930478144546941,0.6,0.6,3.578092369558321e-07,0.07611646492687976,194.9916898443792
4.271698020238957,0.0708698806126198,0.6,0.65,4.38622184682305e-07,0.07577060459281969,175.5416593762212
4.540729161689891,0.1001632724195394,0.6,0.7,4.29605879497193e-07,0.07587082360073776,202.28967662595477
4.365549937894009,0.0770392516447393,0.6,0.75,6.172243608811802e-07,0.07697611254037891,202.06525054633298
4.636149021265071,0.0784881839722261,0.6,0.8,4.363093462130454e-07,0.0762128290414805,193.87585582997258
4.635653645218255,0.0889050624203011,0.6,0.85,8.336150230920672e-07,0.07637319646576712,199.173552117743
4.988707903261974,0.126952409995362,0.6,0.9,7.470467686953546e-07,0.07849108654968626,273.57279904958807
5.0284098605111485,0.0997788508881251,0.6,0.95,6.053212879135902e-07,0.07872064991643192,273.566111078385
4.125749197873142,0.0768580556197805,0.605,0.05,3.891736287059978e-07,0.07427092293187425,181.22959920065418
4.453243816268634,0.0678005334886408,0.605,0.1,4.374700766548467e-07,0.0762132246128248,178.73286204078659
4.220881203855135,0.0812686669714232,0.605,0.15,5.074464197160145e-07,0.07574940194505234,226.6357870766504
4.297334463847034,0.0765492124619448,0.605,0.2,6.232640667616884e-07,0.07503606260812876,180.69141924194614
4.615717871273236,0.0831735934733893,0.605,0.25,7.102523852507445e-07,0.07508538053798368,185.26706805227337
4.200967154233991,0.0821876428706292,0.605,0.3,5.186483260373086e-07,0.07634184989860526,214.64093324197097
4.71807324832259,0.0899540733281522,0.605,0.35,3.3914096873542537e-07,0.07620540401753978,216.23471751334577
4.620359042710203,0.1079436267737558,0.605,0.4,3.373241499344877e-07,0.07639570808163104,227.53999340119353
4.309895674099354,0.0740016610647591,0.605,0.45,4.203135179820045e-07,0.076176595916161,198.2848880623041
4.592440299039327,0.0985269103731617,0.605,0.5,4.431838888625402e-07,0.07593748260342975,203.16649195697732
4.952864832929727,0.090677030588843,0.605,0.55,6.688045490295992e-07,0.07654875593185588,210.36490068241088
4.417660331120825,0.0827989904183667,0.605,0.6,5.48604301791407e-07,0.07624892027354531,178.10514484926398
4.761384567557374,0.0982233527673916,0.605,0.65,5.815615658040833e-07,0.07651243194409092,232.6058957441091
4.483248223328706,0.0846777582540248,0.605,0.7,9.095444445791424e-07,0.0770629098577744,207.77631143157208
4.447031297672821,0.067213779285676,0.605,0.75,6.720975784614496e-07,0.0762464455869675,176.61235564457266
4.340986665217364,0.0795125605824411,0.605,0.8,8.856385831998097e-07,0.07707417364154465,206.5281390359308
4.657865841822113,0.1022035775038654,0.605,0.85,4.148088426810828e-07,0.07590528575860465,208.58092882190294
4.509211925587175,0.0877087509047578,0.605,0.9,5.561508840553745e-07,0.07742095452850435,209.34018888676195
4.655256023384674,0.0928846191638751,0.605,0.95,5.425807609517297e-07,0.07669161552972724,203.0397411744778
3.902044861179983,0.0609170533957688,0.61,0.0,6.593536696015669e-07,0.0743372069308901,173.10478175589316
3.9664443039667288,0.0705806809321779,0.61,0.05,2.9318530019136946e-07,0.07482193400373059,169.0679836995102
3.9446140404069,0.0832688657015192,0.61,0.1,5.731858223842858e-07,0.07567831159608257,173.0929299723649
4.429311996947103,0.099319783347368,0.61,0.2,5.625680685089228e-07,0.07406626399569087,205.8206623778222
4.447014912483375,0.0690815568782148,0.61,0.25,1.26054692042526e-06,0.07457344183642672,172.68451963907552
4.17447933150414,0.0600951479564553,0.61,0.3,5.949636266145919e-07,0.07603300321171921,176.73696658758712
4.257765378477273,0.0811499769597368,0.61,0.35,4.23138549396639e-07,0.07655636088230514,201.51431171438855
4.235593920576879,0.071245522869727,0.61,0.4,3.48498459395993e-07,0.07609906878717095,186.2958240012485
4.045128170632586,0.0731440096552602,0.61,0.45,3.688812676398624e-07,0.07655305284921299,179.5466494207854
4.719921621509835,0.0827779530843826,0.61,0.5,3.803636455911314e-07,0.076264093786744,196.03460863110155
4.666708892255829,0.0751564882958991,0.61,0.55,4.845177354821463e-07,0.07601676674101922,208.53244770988368
4.673244535041978,0.0863976682463399,0.61,0.6,6.219044377351668e-07,0.0761540816070019,190.7040058915926
4.244146036374082,0.0727700063923381,0.61,0.65,4.979463178640334e-07,0.07615299867515894,183.79362788602916
4.405676094162935,0.0684302910210909,0.61,0.7,8.598731939963826e-07,0.07688088767792117,180.80229472003128
4.891414759968925,0.0852189246266802,0.61,0.75,4.37085808123836e-07,0.07878062235209,236.9778580222377
4.373406247645833,0.0840323010850093,0.61,0.8,5.253338983900909e-07,0.07698865255967267,198.6814870846707
4.616287596516681,0.0669516437215805,0.61,0.85,5.000802536331637e-07,0.07629704341265235,182.12480094923504
4.227361133277634,0.0711277826394175,0.61,0.9,5.338567351116157e-07,0.07732444260188379,171.72810080752836
4.560334385766105,0.0820438772162066,0.61,0.95,7.28768314010118e-07,0.07710305854434188,205.6708980602601
4.465957156739788,0.069514798999021,0.615,0.0,5.419944337843336e-07,0.07592976808552754,187.08394067309783
4.365438667935985,0.0594657558493304,0.615,0.05,4.14971780615057e-07,0.07479010104881857,167.61153679967558
4.219477634080513,0.0689861773949687,0.615,0.1,5.326601528793e-07,0.07648272351002114,186.82780231696034
3.949616244179184,0.0677463670978228,0.615,0.15,4.830642977788728e-07,0.07519089545995487,169.94870913619934
4.3250977733625176,0.0808347131932513,0.615,0.2,5.28783919595319e-07,0.07562534773276595,200.92569216224484
4.517884760191883,0.0732396508536046,0.615,0.25,1.405094943706788e-06,0.0753854300255945,183.85868051533743
4.1866358751004125,0.0697613510064017,0.615,0.3,5.560202947258276e-07,0.07638039165476769,183.93614631348763
4.343480810088478,0.0687287235449077,0.615,0.35,4.317739846628136e-07,0.07581426252419254,179.391945823762
4.4242599640620845,0.0642445313119752,0.615,0.4,4.3395137785052723e-07,0.07603869091858477,168.08879453016135
4.06797655627294,0.0698828783185773,0.615,0.45,3.604427881958174e-07,0.07674332622112683,177.13556615210675
4.597693874603096,0.0833452338365592,0.615,0.5,3.66075206493672e-07,0.07648409250532115,204.29764015055542
4.434664621683835,0.0771699020267531,0.615,0.55,4.55594036824539e-07,0.07614510379961036,185.88055743457184
4.639012719661473,0.0695826726524663,0.615,0.6,6.286867279582292e-07,0.07706085939380976,177.4635239927406
4.2773567191806245,0.0659199265950556,0.615,0.65,6.842154946076229e-07,0.07730468372754375,203.47327522464883
4.138566913801093,0.0653100742335517,0.615,0.7,9.217898889416918e-07,0.07684813459251916,167.57986369203502
4.330321400528049,0.076891497144722,0.615,0.75,8.065749617814202e-07,0.07708420049550349,200.0721751780226
4.236631541039966,0.0708007874551003,0.615,0.8,6.708797323565612e-07,0.07656556317903476,178.09069723783264
4.496011888965671,0.0791386396249449,0.615,0.85,4.844728660102933e-07,0.07686057287527799,190.27977367368686
4.377902956662037,0.0976707584276712,0.615,0.9,5.599876345621354e-07,0.07639905941494401,190.18851631011813
4.425804119671293,0.0730908389123301,0.615,0.95,5.272526486182547e-07,0.07701437976799203,191.5768516169896
4.220719867917633,0.0597088376450007,0.62,0.0,4.940022211964176e-07,0.07606393787771885,167.32253502943607
3.970112077238457,0.0671837049189947,0.62,0.05,4.050560640551113e-07,0.07451227275763925,171.2960610389112
3.926854283017652,0.0598337630164408,0.62,0.1,6.217284064323412e-07,0.07595515608772525,167.97123316313872
4.161558358042456,0.0802025401920553,0.62,0.15,5.483287686996169e-07,0.07529328074260863,181.64251602952777
3.91730691050141,0.062415905075203,0.62,0.2,7.244946906052476e-07,0.07501792720698049,159.6235160371729
4.402969815923759,0.0588840769201137,0.62,0.25,1.079158603478914e-06,0.07527126464012704,163.10110218541632
3.919143145485912,0.0664082030197692,0.62,0.3,5.171308801975412e-07,0.07584265822554645,172.43698027199437
4.620875913604757,0.063066057725445,0.62,0.35,3.1161808529828844e-07,0.07722917808739999,193.76594265565618
4.334395559684835,0.073626476740176,0.62,0.45,2.4591922623840305e-07,0.07659606505782676,198.5077740897744
4.381060253139119,0.0632067964519042,0.62,0.5,3.289556001916709e-07,0.07666620349152492,174.00776566889397
4.458014037071315,0.0687895675322667,0.62,0.55,5.250779647208416e-07,0.0757495006860592,175.61719539926986
4.659812162589749,0.0742126923986714,0.62,0.6,7.835140148194712e-07,0.07711577123731406,199.34169050704418
4.316940134516272,0.0654300235990868,0.62,0.65,4.810196524839855e-07,0.07676145766057231,175.17336843286347
4.279452496865757,0.0592066354634931,0.62,0.7,9.660722473824557e-07,0.07723590494150001,172.57065987836498
4.433128701908428,0.0693257412523384,0.62,0.75,4.39785829205855e-07,0.07688403964935567,183.66284926702383
4.292786141579804,0.0696197111182315,0.62,0.8,5.785303871095658e-07,0.07669400636000101,178.06030873976283
4.20682615956434,0.0804757040529852,0.62,0.85,3.852038900385741e-07,0.0756986332109276,169.05313464692034
4.46083229744186,0.078459841381389,0.62,0.9,4.637897005293986e-07,0.07681485846918536,177.68545723083292
4.637132396661091,0.074943061345038,0.62,0.95,4.316721751498834e-07,0.07633352751547216,219.2085752444701
4.294566690467152,0.0688365256604888,0.625,0.0,4.420075704590822e-07,0.07589408003928741,175.8937605420341
4.226081893857014,0.0601162538484491,0.625,0.05,4.523086635498229e-07,0.07504658673778958,170.03066138939704
4.039141173763355,0.0556595436381313,0.625,0.1,5.73979537360307e-07,0.07682031463316324,151.70013661879457
4.034360618035442,0.0631362614971862,0.625,0.15,4.760470434219807e-07,0.07634880151153886,173.5908576453263
4.025667198611764,0.0736076593473461,0.625,0.2,6.296769518957091e-07,0.07537880556268477,168.8037512623204
4.13105410102641,0.0691766814296287,0.625,0.25,1.5852228586052728e-06,0.07598817033126753,180.31925095444788
3.98323611565319,0.0630806908776892,0.625,0.3,7.028810605124778e-07,0.07753075240812224,187.8931523645403
4.445878877270155,0.0685793057495083,0.625,0.35,3.4264565586437386e-07,0.07700751496506408,173.28786206287938
4.052377202841736,0.0686313782568684,0.625,0.4,4.118667405671537e-07,0.07655252211075207,176.9577005870038
4.268757865725042,0.0686840889008916,0.625,0.45,3.568134711821807e-07,0.07742639193946547,175.21640759290102
4.584367611454179,0.0863978693269992,0.625,0.5,4.596468879243564e-07,0.07678522067871561,225.8758380585913
4.346873035011251,0.0645470252998305,0.625,0.55,4.973678992679379e-07,0.07645681497358772,176.6313114927783
4.393591478060653,0.0550335516017134,0.625,0.6,6.134548608928354e-07,0.07734382921259161,171.4430479870698
4.728833715458405,0.0625319777787375,0.625,0.65,5.101738023842413e-07,0.07762400603048324,192.5168091035953
4.192476590868999,0.0598120930259151,0.625,0.7,8.472633111619066e-07,0.07778535031536914,173.55660825679345
4.349269418556067,0.0703768900241174,0.625,0.75,4.250229760075592e-07,0.0768521549872745,172.41656049449657
4.136947435057864,0.0767761933080329,0.625,0.8,5.596448881524881e-07,0.07697937006654779,173.48962571374784
4.297137037142568,0.0574073749331515,0.625,0.85,3.415406139492906e-07,0.07641040662842381,166.45462107127454
4.434214653427048,0.075644150199053,0.625,0.9,5.307197432132198e-07,0.07829016775266069,211.15590927163043
4.320699041486249,0.0619092201760838,0.625,0.95,6.280358454401081e-07,0.07695075424247046,179.86487135789596
4.130639948861776,0.065839286182627,0.63,0.0,3.7699929868989197e-07,0.07601923927102835,182.51327648520825
4.041388600308071,0.0718009607270211,0.63,0.05,4.400552659612908e-07,0.07615367796481241,174.0398805062397
4.1999419327862455,0.0904576163284516,0.63,0.15,5.394217423632147e-07,0.07670115011708446,207.7888475544243
3.9211654397290334,0.0660821646929154,0.63,0.2,8.68844409884001e-07,0.07568989260146754,169.22548518171962
4.186307367986071,0.0640541759432005,0.63,0.25,9.232959488510588e-07,0.07609124974795074,165.63436118204427
4.012355631379315,0.0600355618762141,0.63,0.3,5.4967612603821e-07,0.07651397518072717,173.43424331490263
4.385515219725923,0.0683584400736277,0.63,0.35,3.406738813465932e-07,0.07708027608967893,195.42361327029857
4.356462991066171,0.0758912534375898,0.63,0.4,3.547319826690024e-07,0.07640977609807267,185.15940735561063
3.977229697649471,0.0620658972917373,0.63,0.45,3.5835833642833454e-07,0.07670307002158629,170.4116591414755
4.338076332904564,0.0662682467828027,0.63,0.5,3.816759727998805e-07,0.07776312988643984,184.11445708308779
4.367503610122401,0.0694159750558868,0.63,0.55,5.675170871144801e-07,0.07595345278830612,187.02296022804276
4.428097670734877,0.0580657900039536,0.63,0.6,8.006187630535748e-07,0.07706645983538692,167.5182049740247
4.308243865080195,0.0608098253797245,0.63,0.65,5.164368294422467e-07,0.07695797377537704,176.67662611810047
4.258849078893427,0.0625748433781383,0.63,0.7,7.154281620050922e-07,0.07686304128793651,173.6313545777024
4.243502689604616,0.0727531873597876,0.63,0.75,4.949414418309859e-07,0.07814167732086683,190.10032727844208
4.354787711742598,0.0663745438796977,0.63,0.8,6.900035976686224e-07,0.07710512356628138,172.9883870467516
4.250330016834619,0.0719183856010646,0.63,0.85,5.449168122737485e-07,0.0757905270474602,166.65473125698105
4.329681669962281,0.0861567734463812,0.63,0.9,5.385692418631258e-07,0.07808260258916734,186.58599168331594
4.453399668167898,0.0678831986697077,0.63,0.95,4.985821503385977e-07,0.07789997497774884,187.01368483417158
4.131448044996194,0.0651442214535314,0.635,0.0,4.57304860578545e-07,0.07658476910267951,171.64330390863083
4.022437358836812,0.0591336563255921,0.635,0.05,4.0271949014382085e-07,0.0758454542016368,176.57372510030484
3.974677330325407,0.0678488523831573,0.635,0.1,4.625037944537492e-07,0.07749396811224947,166.6213953070847
3.83722387301207,0.0654233253798967,0.635,0.15,3.85231591791924e-07,0.07664982872493775,169.11151829582508
4.09532483597906,0.0693937010881626,0.635,0.2,7.248088087737862e-07,0.07612109468961689,179.89926424484764
4.207172873142588,0.0572546396946593,0.635,0.25,1.3234688037562492e-06,0.07660016534509895,171.0083888169034
4.12504431012639,0.0582741783146698,0.635,0.35,4.982138553686858e-07,0.07636809319138059,166.75973623144728
4.313197762760925,0.0567044126321883,0.635,0.4,3.805464730188214e-07,0.0769685648668489,169.1560001022844
4.112160117728879,0.0564772009088213,0.635,0.45,3.733861131152875e-07,0.0775541679210801,159.94150090626832
4.291075752770007,0.0661932602736012,0.635,0.5,3.294049701617228e-07,0.07700707098809535,174.832256408941
4.372768261138251,0.0695403045792456,0.635,0.55,6.801345312026885e-07,0.07696704685571154,180.94131621877955
4.67574072384584,0.0774174224146372,0.635,0.6,7.616618821503758e-07,0.07728819336690945,189.02722295905943
4.538854977595916,0.063889229690222,0.635,0.65,5.940854091838569e-07,0.07794240010515167,184.8206062394657
4.087399655730969,0.0590887285793543,0.635,0.7,7.337153037343366e-07,0.07742636182538376,171.4975437354587
4.003461916122992,0.0649982038098438,0.635,0.75,5.565272240731084e-07,0.07742311241802015,158.4828784229893
3.9534330139738674,0.0656338850304077,0.635,0.8,5.150757181797933e-07,0.07649733649693642,171.44468198833056
4.368334070544317,0.0579833088008822,0.635,0.85,4.93363973279666e-07,0.07710389907806264,170.88495627154344
3.990872156219503,0.0590305891344672,0.635,0.9,6.147327543057996e-07,0.0773192370801931,164.84638155033457
4.005948395188077,0.0619436629724829,0.635,0.95,7.004013424522622e-07,0.07782423745510242,165.92520887690404
4.133056319047193,0.0576723305855494,0.64,0.0,6.982342912200943e-07,0.07580451399188513,160.98495489645228
4.158363880150216,0.0651771799823253,0.64,0.05,3.292764028755795e-07,0.07608438567594498,172.62787618283886
4.014136505155796,0.0599292089780765,0.64,0.1,6.872013988037328e-07,0.0771632602289972,167.16513003627148
4.030542553681118,0.0656939976459743,0.64,0.15,4.444181051834818e-07,0.07669234872535151,174.3719396587221
3.9159373201702334,0.0643182364616838,0.64,0.2,7.716361552269876e-07,0.07600705381859818,172.3304393025755
4.1046006481409325,0.0606097509046036,0.64,0.25,1.1211672921912968e-06,0.07692017964633577,174.94958149618657
3.83339070849782,0.0620802242406074,0.64,0.3,5.264620990101679e-07,0.07659120588483842,164.09529941468918
4.248884794775413,0.0616176425724289,0.64,0.35,4.423490795837098e-07,0.07801905032204925,181.70740230359286
4.086860807160645,0.0656963765021546,0.64,0.4,4.467374356644336e-07,0.07684864162415364,172.00747317303166
3.937739051000681,0.0602768371143151,0.64,0.45,3.667955957530344e-07,0.07680298333616822,159.92637240011848
4.228440909109003,0.0514293472129932,0.64,0.5,4.270707549900756e-07,0.07752428320003195,160.83086035457148
4.396094459819709,0.0639563114974069,0.64,0.55,3.670156016637219e-07,0.07722404779620383,181.97655324824922
4.368044678872828,0.0594297529377211,0.64,0.6,5.107434085013654e-07,0.07723958012333132,169.96179498050498
4.330651218318367,0.0583334835179276,0.64,0.65,5.54592478585011e-07,0.07788747528972688,170.19342107338494
3.981184054595752,0.0619729157738542,0.64,0.7,8.48449980276229e-07,0.07807369033836693,177.29037133389411
4.246994085327237,0.0626539576890498,0.64,0.75,8.99398812851723e-07,0.07830924597538388,184.90349811149122
3.965852240029576,0.0731372810835636,0.64,0.8,4.90786482066607e-07,0.07726439385301691,174.07539996659057
4.50241223034075,0.0760578570639906,0.64,0.85,7.544837293312305e-07,0.07700098719925806,184.63684586217255
4.197508554402831,0.0690064919591162,0.64,0.9,4.343482127490166e-07,0.07803655207051417,185.67120395122384
4.381706377091694,0.0555346001560589,0.64,0.95,5.735340895952789e-07,0.07785615586176031,173.08670894452354
4.179115250409137,0.0674523394748408,0.645,0.0,5.484484887713092e-07,0.07591409651626566,171.08810389818603
4.079019420530529,0.0577624819864198,0.645,0.05,4.729604986188867e-07,0.07612729774465174,163.8310169953687
4.141764925868232,0.0744995464632969,0.645,0.1,6.353971265365584e-07,0.0776144005075526,185.4043776666112
3.959545493917331,0.0688421737577044,0.645,0.15,5.71730810377121e-07,0.07721282147377913,174.79436450011218
4.12070502523619,0.0631725478530561,0.645,0.2,5.647949425396876e-07,0.07657627885469104,169.97223226975075
4.009145448749802,0.0605891862428684,0.645,0.25,7.945116986070935e-07,0.07722895850916997,179.9046596369788
3.739483733145601,0.0504128775120406,0.645,0.3,5.873102552654612e-07,0.07628252028801005,159.39988150578247
4.252092931449271,0.0672670080965537,0.645,0.35,5.019464204143884e-07,0.07712603145143719,176.1588072012575
4.150753982580255,0.0641750912492107,0.645,0.4,3.138951815710696e-07,0.07660087065684681,171.55990048174715
4.183971978727536,0.0593748065742884,0.645,0.45,4.704276385551223e-07,0.07801120614111878,166.28235593366284
4.197612192551135,0.0663330094478954,0.645,0.5,3.191786716803855e-07,0.07757895110539725,176.83156403284005
4.208482299761272,0.0581100348339529,0.645,0.55,5.878220097734638e-07,0.07739542315967207,168.06988744253675
4.331289971254365,0.0510919270025892,0.645,0.6,6.637434720465195e-07,0.077526226937229,163.08992529895733
4.300644735313425,0.0585416751570083,0.645,0.65,6.550002086416214e-07,0.07761461320142471,166.4293202343046
4.1655271760094985,0.0519483855633541,0.645,0.7,7.349144167462855e-07,0.07831481828347572,172.02045727375346
4.221203529684548,0.0561467598675949,0.645,0.75,4.5685602756918043e-07,0.07777332309612023,166.55104536124625
4.0571983518805,0.0606786821214292,0.645,0.8,7.097580603379636e-07,0.07764454262347376,159.82300331823959
4.125057177291819,0.0709498944541041,0.645,0.85,5.419078074526739e-07,0.07740150107470632,165.18869042748923
4.141742092952147,0.0618683815759505,0.645,0.9,7.251950838256397e-07,0.07846216412781831,188.63681376637277
4.084050469422113,0.0580630052399503,0.645,0.95,5.599735476337399e-07,0.07698768482442843,162.4703893592961
4.355248051755908,0.0682457602893562,0.65,0.0,5.821275999514691e-07,0.07651712527811587,184.0647397806469
4.173777500256753,0.0890056134213785,0.65,0.05,4.748232694200966e-07,0.07297239458404803,196.08790267052987
3.831318312716955,0.0547899828327878,0.65,0.1,4.495117610853601e-07,0.07726595720280395,162.52672913661
3.864594907222661,0.0697459240201758,0.65,0.15,5.434630952073541e-07,0.07657011306131495,172.74145414741622
3.9526341254232986,0.0617552111030912,0.65,0.2,5.493597004225221e-07,0.076974234662191,178.4182498927611
4.1222612227133615,0.0523951375568511,0.65,0.25,7.405358612169548e-07,0.07687215288228802,168.8219507564233
3.9304340643425295,0.0620945133613345,0.65,0.3,8.109417077947727e-07,0.07778825144327951,166.50353930326418
4.156107334249122,0.0601846040450886,0.65,0.35,5.06211474040646e-07,0.07767693741031446,168.3508435188789
3.987892513459265,0.0541833772715377,0.65,0.4,3.748430214900798e-07,0.07700765309390409,166.38064216633478
4.234142902595588,0.0538299836280657,0.65,0.45,4.040525309315338e-07,0.07744043924174498,170.24609416749107
4.163022437989362,0.0592152851660039,0.65,0.5,4.384620645255525e-07,0.07787360466933368,169.14811878458917
4.451345015702612,0.0804272434735093,0.65,0.55,3.720272619655255e-07,0.07695329806683925,213.56544253599122
4.307562705761255,0.0575784998285193,0.65,0.6,4.66604865149853e-07,0.07745765145519973,160.32864654857443
4.079645384410368,0.0554644075917477,0.65,0.65,7.334530483663293e-07,0.0774910910783616,164.25277876141675
3.9472017963301087,0.055455543009692,0.65,0.7,7.042379112894861e-07,0.07797632834061559,164.94272871257033
4.138479917117586,0.0629523792775991,0.65,0.75,9.991713339630377e-07,0.07816788030573042,176.81336609669466
4.032604846195633,0.0584202799240139,0.65,0.8,4.1129465596438716e-07,0.07756718819911447,159.9153118361188
3.7627137828158537,0.0516673041453081,0.65,0.85,8.789816257927572e-07,0.07694572669389993,159.05525699120432
4.045157509899098,0.061650407908384,0.65,0.9,5.599117409144312e-07,0.07770914900664963,162.43042824800952
4.299637313402398,0.0665668611636146,0.65,0.95,4.862208748245893e-07,0.07744430368788503,178.97422005652115
4.067500300274818,0.061786534487241,0.655,0.0,6.649969892222555e-07,0.07641575679031778,170.87264814301267
4.316968260749341,0.0568945253328515,0.655,0.05,4.858576301810452e-07,0.0765263647848706,177.70017141032832
4.044765161208572,0.0614786244893051,0.655,0.1,4.058233832255796e-07,0.07761347475674778,165.98612561653493
3.748831773145471,0.0570855531037437,0.655,0.15,5.903369120512373e-07,0.07701698746365249,156.16097577001688
4.091478037837096,0.0562113499639985,0.655,0.2,5.650321483092265e-07,0.07716510178994383,183.55415542933653
3.9963804647529786,0.0525632714544656,0.655,0.25,7.857256281826337e-07,0.07689713872937096,152.872700580375
3.988943084760336,0.0618499598532448,0.655,0.3,7.85055134003413e-07,0.07695786753026451,176.73604645902702
4.079097043434025,0.0591708470856848,0.655,0.35,4.802715705256386e-07,0.07701513362828635,163.94376707484307
4.0894916453164845,0.0516916724362887,0.655,0.4,4.256594996431445e-07,0.07741514375373594,166.40631218693449
4.043582450673303,0.0544892062247569,0.655,0.45,3.050761730993338e-07,0.0780418246733046,164.88143524221096
4.348650204905883,0.0669925936674097,0.655,0.55,4.7184602760773213e-07,0.07785554889327816,183.84067375596425
4.131529555042578,0.0572111480338907,0.655,0.6,5.148338934726404e-07,0.07777380011044942,168.89228241424794
3.947653543510657,0.0497562233481012,0.655,0.65,6.960361127455635e-07,0.07641875107830005,155.6904077121921
3.9731371624165375,0.0542783762522851,0.655,0.7,7.694921468321501e-07,0.07891964468803374,163.76648059961693
4.079148176423257,0.0581063047169658,0.655,0.75,8.246064820193334e-07,0.0777910202797892,168.04472344007084
4.278051846418684,0.0611820371854349,0.655,0.8,5.352429388481181e-07,0.07741420563087147,166.18583075654138
4.285954227102192,0.0520289475809697,0.655,0.85,6.649401475557729e-07,0.07663297756355972,160.97873771806948
4.435423747503015,0.0658774703702991,0.655,0.9,5.933751167364914e-07,0.078403302712153,183.01939186869004
4.258966116285001,0.0573840590233037,0.655,0.95,5.140179033686488e-07,0.07831234189537052,176.7874051894061
4.035603235768509,0.0655330849523452,0.66,0.0,6.034209612359166e-07,0.07644675802675836,170.0646702120319
3.8667122469226953,0.0539357454573175,0.66,0.05,5.030106163307532e-07,0.07651980888113873,159.7519909011773
3.999414292061727,0.0550451808403749,0.66,0.1,5.043427988025269e-07,0.07733823471473701,160.50536592018096
3.936974092204165,0.0554849971487847,0.66,0.15,4.669189888469525e-07,0.07734665365865853,162.20406825565482
3.9138266409902673,0.0530867817332947,0.66,0.2,5.018663639377842e-07,0.0768326118148976,154.10094670705047
3.861073854777351,0.0575790303119753,0.66,0.25,5.355494203052861e-07,0.07721513883889154,159.1663942068413
3.907720423795404,0.0606814972561101,0.66,0.3,1.3128479997334034e-06,0.07740147820960726,163.82029335944054
4.288038807515612,0.0634044001663054,0.66,0.35,6.425101615267411e-07,0.07819002754898195,181.20623310879986
4.078595780555513,0.0578950499794563,0.66,0.4,4.0863449310230826e-07,0.0774559391404261,168.35508492561792
4.151030810711279,0.0538355154472994,0.66,0.45,3.426642223627241e-07,0.07868044318691109,165.8174680366813
4.063201216430839,0.0620362206560518,0.66,0.5,4.196496581159911e-07,0.0773452763155048,172.8332152086229
4.047537305450987,0.0668346419284725,0.66,0.55,5.395996451816394e-07,0.07754416550901809,176.02778140132654
4.187964307346035,0.0557982178722053,0.66,0.6,5.518931484917469e-07,0.07751761417113098,165.4352796158339
4.020849121942764,0.0595892548245218,0.66,0.65,6.140100439804703e-07,0.07799238896763713,168.55519004643952
3.9932328599962985,0.0563323266811826,0.66,0.7,5.366188502760069e-07,0.0784277327001878,172.1852293377492
4.06399693213915,0.0527259224801608,0.66,0.75,6.867133487510242e-07,0.07824774953523318,159.06519387798238
4.082676777971968,0.0563034696646774,0.66,0.8,4.766264981408066e-07,0.07742004823634589,162.5104010418899
4.441009744222262,0.04855267852427,0.66,0.85,6.874799079341916e-07,0.07772127783065125,160.99014272331436
4.0267476049524,0.0611534222355201,0.66,0.9,5.95892620679294e-07,0.07877435170064212,175.8588458540268
4.019197844763359,0.0636108546649345,0.665,0.0,6.301818594079319e-07,0.07698568753409248,173.29302326733992
3.865957348672917,0.0635971299469373,0.665,0.05,5.25437211890871e-07,0.07694120619343885,161.29320990012002
4.059402418858654,0.0589775312200797,0.665,0.1,5.085087322707368e-07,0.07775229220196443,165.7239678743292
4.002626591309302,0.055402833468823,0.665,0.15,6.590113462940717e-07,0.07737659488093414,161.06886157014995
4.040036026627577,0.0634974381953966,0.665,0.2,5.210457410796096e-07,0.07661910789585707,172.01568761928243
3.9387913043646177,0.0500225116841907,0.665,0.25,8.562203855790266e-07,0.07685110337585901,157.30932176732205
4.070826621813387,0.0557573118563468,0.665,0.3,8.900710905018545e-07,0.07725587193000892,171.87675344016574
4.10015068025208,0.0625610525857939,0.665,0.35,6.626372400454749e-07,0.07798653166300505,173.24066016641626
4.2794485759128325,0.0547308735647581,0.665,0.45,5.390524046093212e-07,0.0783622633102563,167.14643070027302
4.552103461838549,0.0705703432656161,0.665,0.5,5.226669833760642e-07,0.07858419070488945,193.3454354329687
4.057023462975685,0.0570171938059951,0.665,0.55,3.6271126096540613e-07,0.0773120525683383,166.09532985002105
4.375283597347803,0.0566018951916572,0.665,0.6,6.067502772458198e-07,0.07855496420836011,169.83081616074116
4.0342468978221415,0.0653355939961594,0.665,0.65,7.700127248480243e-07,0.07779649000339749,167.85380708719106
3.67939674190052,0.0567303653127136,0.665,0.7,5.152166498525478e-07,0.07864092317651679,167.7873623200748
4.175718232182729,0.0565047710511215,0.665,0.75,7.818860197234457e-07,0.07901576303964433,172.46050705324024
3.971798859444025,0.0638020271857141,0.665,0.8,5.075816184046982e-07,0.07817681460401504,173.61128140722494
4.324085431012665,0.0550673947485468,0.665,0.85,8.467868590227195e-07,0.07758006608023711,167.54840222106685
3.9088639025384246,0.0623517965241915,0.665,0.9,5.626682640794655e-07,0.07793749914776509,167.38120267862868
4.390582353483357,0.0521385474607606,0.665,0.95,7.382013545230212e-07,0.07828376124307279,172.20857419735518
3.9372472112571706,0.0569230297081544,0.67,0.0,4.773823801678504e-07,0.07682331727063563,163.24939916278237
3.990891592028557,0.0529409124532211,0.67,0.05,7.353605980225455e-07,0.07698275255093652,159.4471786140668
3.9098888709910353,0.0573958355861608,0.67,0.1,4.060014367039213e-07,0.07795809627466656,162.54094431634798
3.960340629839202,0.0570251813317428,0.67,0.15,5.402286367584531e-07,0.07752462476833513,157.95264042377295
4.101779453279149,0.0615587167793434,0.67,0.2,5.498254008279272e-07,0.0771668705885958,165.57609157396215
3.824794227691368,0.0505728186793322,0.67,0.25,5.87694787473801e-07,0.07789765529001103,150.65286553563283
3.842183332876985,0.0551846516881544,0.67,0.3,7.502632207140904e-07,0.07821932937011174,168.60877081968894
4.005123401048295,0.0551695896799111,0.67,0.35,7.973710485058855e-07,0.07776708492865496,163.3009252299367
4.125490264949599,0.057245956505547,0.67,0.4,8.807317635164127e-07,0.0772657234640116,169.2312137947603
4.13274130970697,0.0604906955901732,0.67,0.45,4.2692328777892914e-07,0.07869831881070771,169.78101092845813
4.136905995956469,0.0562554778972454,0.67,0.5,3.624583243345469e-07,0.07794157099581914,166.92727633121473
4.151504379389976,0.0603603317533271,0.67,0.55,5.168221276037832e-07,0.07734242497567345,181.31590113985163
4.032408604183764,0.0540449893726462,0.67,0.6,4.339536692146109e-07,0.07853382243066691,165.25980596639653
4.109873276309526,0.0539434266701256,0.67,0.65,6.833881665235244e-07,0.07836883059052817,167.13895872694206
4.018322291269585,0.0587802932454451,0.67,0.7,5.890001944291755e-07,0.07918166372956792,177.83531177330056
4.298519269248216,0.0586675976180482,0.67,0.75,5.958977089298219e-07,0.0777187067414522,175.21662544474123
4.076289545616983,0.0600163273548207,0.67,0.8,9.159146599264952e-07,0.07795926224112633,168.5076706143539
4.244309758872211,0.0559996041302303,0.67,0.85,3.991406718367034e-07,0.0776334849380265,168.46499205586892
4.231286623352438,0.059981318839998,0.67,0.9,7.00608766482963e-07,0.07859493072302157,175.5064850708742
3.787841256051786,0.0533281555289161,0.675,0.0,5.744816134867794e-07,0.07679016170623788,157.28093016174327
4.084273299131571,0.0516998144192615,0.675,0.05,5.672684634244043e-07,0.07673416524378578,155.35837639657393
4.042514484946938,0.0648917115662635,0.675,0.15,3.876107183071381e-07,0.07733383405416477,165.8545839306811
4.1585523576459815,0.0587883894510862,0.675,0.2,3.621879578714099e-07,0.07762816171549883,176.01845565408044
3.7581712432082,0.0563890782184515,0.675,0.25,5.847841852410445e-07,0.07760520204643619,157.00617560552513
3.82117157901304,0.0591073626976383,0.675,0.3,8.397121235040062e-07,0.07802367621006463,166.1446028332839
3.700159123276855,0.0587397675982171,0.675,0.35,4.7591904983221806e-07,0.07740311106002101,164.5151321955172
4.100593069294543,0.0523726328352073,0.675,0.4,4.589619031105677e-07,0.07776037966123665,163.9944094071321
4.083826370663758,0.0534908864076198,0.675,0.45,5.46525465462206e-07,0.0786786215668437,159.906674871225
4.221617591216023,0.0601509977895422,0.675,0.5,4.57134827674127e-07,0.07787910304029401,171.733168402831
4.181496796183854,0.0541597528614764,0.675,0.55,5.681898179792437e-07,0.077085499502541,164.25837304055625
4.103999789895005,0.0553541895045874,0.675,0.6,3.510579354180868e-07,0.07796206583892615,159.04079901650823
4.009360357227685,0.0571056295567816,0.675,0.65,6.623123363897822e-07,0.07808268240982061,163.9383032971835
4.0404976403865165,0.0542321719407624,0.675,0.7,6.093123211254218e-07,0.07834558069098903,162.73901152975424
4.239230168732828,0.0634866886515282,0.675,0.75,4.5050440880809973e-07,0.07865742629695555,171.97573904405778
3.8067200885538215,0.0530263974721425,0.675,0.8,8.846394119608765e-07,0.07771667267241116,171.74800204451967
4.394929596513575,0.0580131041346205,0.675,0.85,4.95879185925146e-07,0.07707614053833096,170.77019295635617
4.209278946403361,0.0557262467934384,0.675,0.9,7.057742717745053e-07,0.07868031174096585,165.6827077403661
3.901941234030035,0.0567269171390045,0.68,0.0,7.693015089052502e-07,0.076858656977425,162.76332192488704
4.180188973968201,0.0576556593386534,0.68,0.05,4.816520421253004e-07,0.0773302989100602,162.19218558261724
3.9074508767828178,0.0567872241683292,0.68,0.1,5.703761477184121e-07,0.0780110386365288,163.71127362239537
4.213321846525782,0.0533343920299911,0.68,0.15,5.920451645653097e-07,0.07736019842542512,162.336851538728
3.9633400819191,0.0523440145398195,0.68,0.2,6.304660397326082e-07,0.07719866031070738,155.70004801891398
3.7377635959910096,0.0497115019395959,0.68,0.25,4.83503246060713e-07,0.07766949873187685,152.70858669125087
4.271222373523376,0.0590196976531494,0.68,0.45,7.571482086996079e-07,0.0784845185595905,171.86719888989455
4.078551990390105,0.0582442021738981,0.68,0.5,5.884242799648493e-07,0.0784987067769869,161.2437198391014
4.022761858208968,0.066698992422317,0.68,0.55,4.070415769603177e-07,0.07729671642210087,178.11552664124235
3.944159093748441,0.054236431329657,0.68,0.6,4.262635789546359e-07,0.07749504863298493,161.78982675005466
4.171219713018808,0.0604535164432988,0.68,0.65,4.292234537751953e-07,0.07833346598868209,176.63432805687077
3.639406147595525,0.0554402746238506,0.68,0.7,7.184119507531972e-07,0.07891316528459727,169.86592219573538
4.136156238724388,0.062847173614169,0.68,0.75,4.670679133693066e-07,0.07882623274319288,175.9741064962829
3.9915281912989657,0.0542706469804665,0.68,0.8,8.828171745963399e-07,0.07816837250981201,167.27932083525167
4.20707754520452,0.0597395110759019,0.68,0.85,5.037407717186954e-07,0.0766851200326356,164.4431068194001
4.009604977286357,0.0609166387361836,0.68,0.9,7.359474708326995e-07,0.07912510786697832,173.99299061009668
4.074538375614372,0.0565946530646433,0.68,0.95,6.736107783841932e-07,0.07734288293015419,167.55637397302075
3.8688646399907616,0.057305608486753,0.685,0.0,7.338690163558929e-07,0.07638842231706829,158.59432315106378
3.86561499333548,0.0513912361333771,0.685,0.05,7.9362264866338e-07,0.07744283755583636,153.01590017865294
3.9628553374407054,0.0483967561835793,0.685,0.1,6.074140316657379e-07,0.07781011520034592,156.61419036842216
3.9827501179865386,0.0569927888677643,0.685,0.15,3.741451620648495e-07,0.07786975641282856,161.37831803657565
3.9807129785694686,0.0530860994160765,0.685,0.2,6.604407698701539e-07,0.07771483069846535,159.31100142203283
3.731796237602116,0.0565275753595194,0.685,0.25,6.182018401142267e-07,0.07757530306466304,151.32217051181345
3.878355983995076,0.0602577080604262,0.685,0.3,4.379277575307276e-07,0.07824407771315098,171.85781700212723
4.01003913944534,0.055228466075429,0.685,0.35,8.78767686295235e-07,0.07809254155731732,159.84096883980084
3.860562228290799,0.0521247636323009,0.685,0.4,5.199284144779484e-07,0.0772972067583689,158.6365320383653
3.968622390805628,0.0582862251937143,0.685,0.45,5.594558458529566e-07,0.0786641159554947,177.5225840475918
4.205216464183298,0.0580858285423935,0.685,0.5,4.821644347004908e-07,0.07792083368965341,166.7334015499686
4.031732342537296,0.0620607331856644,0.685,0.55,5.962230684843857e-07,0.07815385891946804,179.05163639410807
3.9503134441416026,0.0525838266222428,0.685,0.65,5.028425392569972e-07,0.07877993615108049,172.84961315073681
3.841984194245607,0.0547431135328255,0.685,0.7,5.244557191601022e-07,0.0787719005058666,161.245060066846
4.03711393125572,0.051996447847937,0.685,0.75,4.531854570419692e-07,0.07815423916194442,160.78363722475558
4.334494531401296,0.0572239012369775,0.685,0.85,8.438636441131845e-07,0.07788225464217745,170.20068656321803
4.074135015483927,0.0566878682518886,0.685,0.9,6.45649564695094e-07,0.07834666935622027,156.94929737343764
4.149375934555797,0.0542327703356906,0.685,0.95,5.413624238655481e-07,0.07767908385916136,164.16523344325395
3.881471185247761,0.0580162130326059,0.69,0.0,5.354826508376183e-07,0.07710736572344068,155.64004088883146
3.922358641192981,0.0553804109362088,0.69,0.05,6.335897204284387e-07,0.0776300135705408,159.9516060052969
3.9861299342070415,0.0634349347825922,0.69,0.15,9.599039172396689e-07,0.0778445694232475,169.4008057335419
3.8437955703845073,0.0552361329939373,0.69,0.2,5.581992132416208e-07,0.07674737021067275,157.71793904992813
4.054903926445311,0.0556006831245105,0.69,0.3,6.955134446359175e-07,0.07848171719704265,161.1249378293582
3.9435961636364665,0.056367209801309,0.69,0.35,5.284188010744737e-07,0.07798161823612468,161.19140621091748
3.99503945005005,0.0593258612474663,0.69,0.4,6.928428838563701e-07,0.07830319382535951,166.8928378154496
4.119842528416718,0.0597935578140253,0.69,0.45,7.586975446909655e-07,0.07848659244684957,167.57294858527166
4.260008148122591,0.0544816661061326,0.69,0.5,5.775883024394484e-07,0.07770609651651297,166.90450550749634
4.069311440651744,0.0551579310525835,0.69,0.55,3.782777649815714e-07,0.0774166605195618,170.85669213554831
4.004551549592306,0.0539976838791658,0.69,0.6,6.87189166347926e-07,0.0786595233865884,166.43293796735492
3.8326192911012376,0.0601168013749208,0.69,0.65,3.834629749556543e-07,0.07769585073029922,162.62405954086083
4.022154381632148,0.0521605345153287,0.69,0.7,6.366612118208622e-07,0.07955786462602883,168.63052090822984
3.9927680198905287,0.0613132510367454,0.69,0.75,6.099326630731507e-07,0.07892610836620338,173.39749151932875
4.329415131035088,0.0540667121450762,0.69,0.8,6.545971540770926e-07,0.07779739033343575,166.6738856693602
3.979775226645309,0.0556879543868245,0.69,0.85,9.429602732109232e-07,0.07768989619345341,159.30726392151647
4.033380538259733,0.0488294627394022,0.69,0.9,6.099427306547814e-07,0.07904390246742479,154.73383342405404
4.021318945302186,0.0564572140768007,0.69,0.95,8.424461692699071e-07,0.07769344025634055,159.36049930882714
4.027479601339416,0.0564815075195841,0.695,0.0,5.069914219685933e-07,0.07758370018467532,173.47581145055662
3.7939198276735215,0.0550712162498992,0.695,0.05,7.39101882409097e-07,0.07797782294352874,156.44397429068894
3.956429456095521,0.0535870175542638,0.695,0.1,6.29518220751978e-07,0.07848786750292724,164.41819022073986
3.924319160602826,0.0676017072808558,0.695,0.15,4.605460354747403e-07,0.07822517666920938,171.264212154432
4.009657135368053,0.0535837100806392,0.695,0.2,7.76494190695317e-07,0.0774339806700572,168.46221599905658
3.8455474063845423,0.0518494069931806,0.695,0.25,7.516232103149125e-07,0.07757746017951865,150.35456852075353
4.084117992560081,0.0543040043891177,0.695,0.3,4.543425475338097e-07,0.0781389942877437,169.86922648769695
3.9481010513941945,0.0560946683899808,0.695,0.35,6.711555255741371e-07,0.07857696532071318,165.7900581815092
4.09392502427921,0.0506886941839592,0.695,0.4,7.654945579342608e-07,0.07853330128700763,161.40310889902148
4.133317578850179,0.0567717306223977,0.695,0.5,5.992807659155615e-07,0.07857453931596835,171.28348148753344
4.178639967107935,0.0565806914529373,0.695,0.55,4.542630908052661e-07,0.07755481179159013,168.32434173948377
3.823095952221252,0.0546717612574459,0.695,0.6,5.571661173462854e-07,0.07896193104317384,162.445280848615
3.868942278944017,0.0576295950691333,0.695,0.65,6.179666042242409e-07,0.07784014554609381,162.00336624197618
3.858204182037167,0.0480711565198908,0.695,0.75,6.042033463827304e-07,0.07854019053907511,161.54122412551425
3.99820662118131,0.0566806594951603,0.695,0.8,1.013177691515637e-06,0.07814164397108248,166.0299044336817
4.013390115542542,0.0476578519234434,0.695,0.85,5.597870343133965e-07,0.07831461930416589,155.1094453644553
3.888700510000408,0.0632163473746602,0.695,0.9,5.929469207192395e-07,0.0789828989266246,165.69829098728658
3.9696312472492847,0.0520925328271183,0.695,0.95,6.892227905092961e-07,0.07777083007188752,157.8385653576708
